-- phpMyAdmin SQL Dump
-- version 5.2.0
-- https://www.phpmyadmin.net/
--
-- Хост: 127.0.0.1:3306
-- Время создания: Дек 25 2025 г., 15:54
-- Версия сервера: 8.0.30
-- Версия PHP: 7.2.34

SET SQL_MODE = "NO_AUTO_VALUE_ON_ZERO";
START TRANSACTION;
SET time_zone = "+00:00";


/*!40101 SET @OLD_CHARACTER_SET_CLIENT=@@CHARACTER_SET_CLIENT */;
/*!40101 SET @OLD_CHARACTER_SET_RESULTS=@@CHARACTER_SET_RESULTS */;
/*!40101 SET @OLD_COLLATION_CONNECTION=@@COLLATION_CONNECTION */;
/*!40101 SET NAMES utf8mb4 */;

--
-- База данных: `kurs1111`
--

-- --------------------------------------------------------

--
-- Структура таблицы `bookings`
--

CREATE TABLE `bookings` (
  `id` int NOT NULL,
  `user_id` bigint NOT NULL,
  `quest_id` int NOT NULL,
  `date` date NOT NULL,
  `time` time NOT NULL,
  `players` int NOT NULL,
  `prepayment` tinyint(1) NOT NULL DEFAULT '0',
  `status` enum('pending','confirmed','cancelled','completed') NOT NULL DEFAULT 'pending',
  `created_at` timestamp NULL DEFAULT CURRENT_TIMESTAMP,
  `updated_at` timestamp NULL DEFAULT CURRENT_TIMESTAMP ON UPDATE CURRENT_TIMESTAMP
) ENGINE=InnoDB DEFAULT CHARSET=utf8mb4 COLLATE=utf8mb4_0900_ai_ci;

--
-- Дамп данных таблицы `bookings`
--

INSERT INTO `bookings` (`id`, `user_id`, `quest_id`, `date`, `time`, `players`, `prepayment`, `status`, `created_at`, `updated_at`) VALUES
(1, 5031085091, 3, '2025-07-09', '20:30:00', 4, 1, 'cancelled', '2025-06-20 19:32:29', '2025-06-20 19:32:51'),
(2, 5031085091, 1, '2025-07-09', '14:30:00', 3, 1, 'confirmed', '2025-06-20 19:37:12', '2025-06-20 19:38:09'),
(3, 5031085091, 4, '2025-06-26', '17:30:00', 6, 1, 'pending', '2025-06-20 19:43:44', '2025-06-20 19:43:44'),
(4, 5031085091, 4, '2025-06-26', '17:30:00', 6, 1, 'pending', '2025-06-20 19:43:44', '2025-06-20 19:43:44'),
(5, 5031085091, 3, '2025-07-10', '19:00:00', 4, 1, 'pending', '2025-06-20 22:38:14', '2025-06-20 22:38:25'),
(6, 5031085091, 3, '2025-07-07', '16:00:00', 2, 1, 'pending', '2025-06-20 22:39:24', '2025-06-20 22:39:24'),
(7, 5115024522, 1, '2025-06-21', '19:00:00', 2, 0, 'pending', '2025-06-21 03:20:37', '2025-06-21 03:20:37'),
(8, 1242576591, 2, '2025-07-08', '17:30:00', 5, 0, 'pending', '2025-06-21 03:20:39', '2025-06-21 03:20:39'),
(9, 5141032492, 4, '2025-06-21', '13:00:00', 6, 0, 'pending', '2025-06-21 03:20:57', '2025-06-21 03:20:57'),
(10, 1242576591, 4, '2025-07-09', '19:00:00', 5, 1, 'pending', '2025-06-21 03:21:10', '2025-06-21 03:21:10'),
(11, 5115024522, 1, '2025-06-30', '10:00:00', 2, 0, 'pending', '2025-06-21 03:21:12', '2025-06-21 03:21:12'),
(12, 5221265076, 2, '2025-06-21', '19:00:00', 4, 0, 'pending', '2025-06-21 03:21:15', '2025-06-21 03:21:15'),
(13, 5115024522, 3, '2025-06-21', '13:00:00', 2, 1, 'pending', '2025-06-21 03:21:40', '2025-06-21 03:21:40'),
(14, 5221265076, 1, '2025-07-08', '19:00:00', 5, 0, 'pending', '2025-06-21 03:24:56', '2025-06-21 03:24:56'),
(15, 2110505637, 4, '2026-01-04', '10:00:00', 3, 0, 'confirmed', '2025-12-24 19:49:26', '2025-12-24 19:50:05'),
(16, 982531644, 3, '2025-12-28', '14:30:00', 4, 1, 'confirmed', '2025-12-24 19:52:02', '2025-12-24 19:52:37'),
(17, 1914727710, 3, '2026-01-05', '14:30:00', 3, 1, 'pending', '2025-12-24 19:59:02', '2025-12-24 19:59:02'),
(18, 703850700, 3, '2026-01-11', '20:30:00', 2, 0, 'pending', '2025-12-24 19:59:19', '2025-12-24 19:59:19'),
(19, 703850700, 3, '2026-01-10', '10:00:00', 4, 1, 'pending', '2025-12-24 19:59:33', '2025-12-24 19:59:33'),
(20, 703850700, 3, '2026-01-12', '17:30:00', 2, 1, 'confirmed', '2025-12-24 20:00:02', '2025-12-24 20:01:37'),
(21, 1914727710, 3, '2026-01-09', '14:30:00', 3, 0, 'cancelled', '2025-12-24 20:18:16', '2025-12-24 23:35:28'),
(22, 1914727710, 1, '2025-12-25', '20:30:00', 1, 0, 'pending', '2025-12-24 23:27:35', '2025-12-24 23:27:35'),
(23, 1914727710, 1, '2025-12-26', '17:30:00', 1, 0, 'cancelled', '2025-12-25 00:17:46', '2025-12-25 00:29:51'),
(24, 1914727710, 1, '2025-12-25', '19:00:00', 1, 0, 'pending', '2025-12-25 00:28:56', '2025-12-25 00:28:56'),
(25, 1914727710, 1, '2025-12-25', '16:00:00', 1, 0, 'pending', '2025-12-25 00:41:28', '2025-12-25 00:41:28'),
(26, 1914727710, 1, '2025-12-26', '20:30:00', 1, 0, 'pending', '2025-12-25 01:12:21', '2025-12-25 01:12:21'),
(27, 1914727710, 1, '2025-12-26', '16:00:00', 1, 0, 'pending', '2025-12-25 09:45:22', '2025-12-25 09:45:22'),
(28, 5031085091, 1, '2025-12-26', '22:00:00', 1, 0, 'pending', '2025-12-25 09:47:18', '2025-12-25 09:47:18'),
(29, 5031085091, 3, '2025-12-26', '19:00:00', 1, 0, 'pending', '2025-12-25 09:53:47', '2025-12-25 09:53:47'),
(30, 5031085091, 4, '2025-12-26', '17:30:00', 1, 0, 'pending', '2025-12-25 09:56:47', '2025-12-25 09:56:47'),
(31, 5031085091, 3, '2025-12-26', '20:30:00', 1, 0, 'pending', '2025-12-25 10:02:13', '2025-12-25 10:02:13'),
(32, 2110505637, 4, '2026-01-01', '10:00:00', 1, 0, 'pending', '2025-12-25 10:04:06', '2025-12-25 10:04:06'),
(33, 5031085091, 1, '2025-12-26', '14:30:00', 1, 0, 'pending', '2025-12-25 10:19:45', '2025-12-25 10:19:45');

-- --------------------------------------------------------

--
-- Структура таблицы `circles`
--

CREATE TABLE `circles` (
  `id` int NOT NULL,
  `name` varchar(255) COLLATE utf8mb4_general_ci NOT NULL,
  `duration` int NOT NULL COMMENT 'Длительность занятия в минутах',
  `min_players` int DEFAULT '1' COMMENT 'Минимальное количество участников',
  `max_players` int DEFAULT '10' COMMENT 'Максимальное количество участников',
  `difficulty` enum('Начинающий','Средний','Продвинутый') COLLATE utf8mb4_general_ci DEFAULT 'Средний' COMMENT 'Уровень сложности',
  `price` decimal(10,2) NOT NULL COMMENT 'Стоимость занятия',
  `address` varchar(255) COLLATE utf8mb4_general_ci NOT NULL COMMENT 'Адрес проведения',
  `description` text COLLATE utf8mb4_general_ci COMMENT 'Подробное описание кружка',
  `genre` varchar(50) COLLATE utf8mb4_general_ci DEFAULT NULL COMMENT 'Жанр или тип хобби (например, танцы, рисование, пилатес)',
  `image_url` varchar(255) COLLATE utf8mb4_general_ci DEFAULT NULL COMMENT 'URL изображения для кружка',
  `created_at` timestamp NULL DEFAULT CURRENT_TIMESTAMP,
  `updated_at` timestamp NULL DEFAULT CURRENT_TIMESTAMP ON UPDATE CURRENT_TIMESTAMP
) ENGINE=InnoDB DEFAULT CHARSET=utf8mb4 COLLATE=utf8mb4_general_ci;

--
-- Дамп данных таблицы `circles`
--

INSERT INTO `circles` (`id`, `name`, `duration`, `min_players`, `max_players`, `difficulty`, `price`, `address`, `description`, `genre`, `image_url`, `created_at`, `updated_at`) VALUES
(1, 'Танцы для начинающих', 60, 5, 15, 'Начинающий', '1500.00', 'ул. Ленина, 10', '💃 Вихрем кружитесь в ритме танца! 🎶 Наши занятия помогут вам освоить основы бальных танцев, улучшить координацию и грацию. 🌟 В дружелюбной атмосфере с опытными инструкторами вы научитесь вальсу, танго и другим танцам. 💫 Пригодится на любых вечеринках! Приходите и почувствуйте ритм жизни! 🔥', 'танцы', 'https://images.unsplash.com/photo-1504609773096-104ff2e3bd5c?w=800&h=600&fit=crop', '2025-12-24 23:23:32', '2025-12-24 23:23:32'),
(2, 'Рисование акварелью', 120, 3, 10, 'Продвинутый', '2500.00', 'ул. Искусств, 7', '🎨 Погрузитесь в волшебный мир акварельной живописи! 🌈 Наши мастер-классы для опытных художников раскроют весь потенциал этой техники. 🖌️ Вы научитесь создавать потрясающие картины с плавными переходами цветов, текстурами и эффектами. ✨ Занятия включают работу с профессиональными материалами, анализ шедевров и индивидуальные консультации. 🎭 Приходите и создайте свои шедевры! 🌟', 'рисование', 'https://images.unsplash.com/photo-1578662996442-48f60103fc96?w=800&h=600&fit=crop', '2025-12-24 23:23:32', '2025-12-24 23:23:32'),
(3, 'Пилатес для здоровья', 90, 1, 20, 'Средний', '2000.00', 'пр. Победы, 5', '🧘‍♀️ Улучшите тело и разум с пилатесом! 💪 Наши занятия укрепят мышцы кора, улучшат осанку, гибкость и самочувствие. 🌿 Подходит для всех уровней - от новичков до профи. 🏋️‍♂️ В спокойной обстановке с акцентом на дыхание и технику. 😌 Почувствуйте гармонию тела и души! 🌸', 'пилатес', 'https://images.unsplash.com/photo-1571019613454-1cb2f99b2d8b?w=800&h=600&fit=crop', '2025-12-24 23:23:32', '2025-12-24 23:23:32'),
(4, 'Йога и медитация', 90, 1, 20, 'Средний', '2000.00', 'пр. Победы, 5', '🧘‍♂️ Найдите покой и гармонию с йогой и медитацией! 🌺 Занятия сочетают асаны йоги с практиками медитации для глубокого расслабления и улучшения mental здоровья. 🧠 Научитесь контролировать дыхание, развивать гибкость и снижать стресс. 😊 Подходит для всех уровней с индивидуальным подходом. 🌟 Приходите и обретите баланс в жизни! ✨', 'йога', 'https://images.unsplash.com/photo-1544008237-b2f73aa6b4ad?w=800&h=600&fit=crop', '2025-12-24 23:23:32', '2025-12-24 23:23:32'),
(5, 'Футбол для взрослых', 45, 10, 20, 'Начинающий', '1000.00', 'Стадион Юность', '⚽ Поддерживайте форму и наслаждайтесь футболом! 🏆 Наши тренировки улучшат физподготовку, командную работу и координацию. 💪 Подходит для активного образа жизни. 🏃‍♂️ Включает разминку, технику и мини-матчи. 🎉 Приходите и почувствуйте азарт игры! 🔥', 'спорт', 'https://images.unsplash.com/photo-1551698618-1dfe5d97d256?w=800&h=600&fit=crop', '2025-12-24 23:23:32', '2025-12-24 23:23:32');

-- --------------------------------------------------------

--
-- Структура таблицы `employees`
--

CREATE TABLE `employees` (
  `id` int NOT NULL,
  `user_id` bigint NOT NULL,
  `role` enum('admin','manager','operator') NOT NULL,
  `created_at` timestamp NULL DEFAULT CURRENT_TIMESTAMP
) ENGINE=InnoDB DEFAULT CHARSET=utf8mb4 COLLATE=utf8mb4_0900_ai_ci;

-- --------------------------------------------------------

--
-- Структура таблицы `faq`
--

CREATE TABLE `faq` (
  `id` int NOT NULL,
  `question` varchar(255) NOT NULL,
  `answer` text NOT NULL,
  `priority` int NOT NULL DEFAULT '0',
  `created_at` timestamp NULL DEFAULT CURRENT_TIMESTAMP,
  `updated_at` timestamp NULL DEFAULT CURRENT_TIMESTAMP ON UPDATE CURRENT_TIMESTAMP
) ENGINE=InnoDB DEFAULT CHARSET=utf8mb4 COLLATE=utf8mb4_0900_ai_ci;

-- --------------------------------------------------------

--
-- Структура таблицы `products`
--

CREATE TABLE `products` (
  `id` int NOT NULL,
  `name` varchar(255) COLLATE utf8mb4_general_ci NOT NULL COMMENT 'Название товара',
  `price` decimal(10,2) NOT NULL COMMENT 'Цена товара',
  `description` text COLLATE utf8mb4_general_ci COMMENT 'Описание товара',
  `quest_id` int NOT NULL COMMENT 'ID кружка, для которого рекомендуется товар',
  `category` enum('bring','buy','center') COLLATE utf8mb4_general_ci NOT NULL DEFAULT 'buy' COMMENT 'Категория: bring - взять с собой, buy - рекомендовано купить, center - есть в центре',
  `created_at` timestamp NULL DEFAULT CURRENT_TIMESTAMP,
  `updated_at` timestamp NULL DEFAULT CURRENT_TIMESTAMP ON UPDATE CURRENT_TIMESTAMP
) ENGINE=InnoDB DEFAULT CHARSET=utf8mb4 COLLATE=utf8mb4_general_ci;

--
-- Дамп данных таблицы `products`
--

INSERT INTO `products` (`id`, `name`, `price`, `description`, `quest_id`, `category`, `created_at`, `updated_at`) VALUES
(1, 'Комфортная одежда и обувь', '0.00', 'Легкая спортивная одежда и удобная обувь для танцев.', 1, 'bring', '2025-12-24 23:43:09', '2025-12-24 23:43:09'),
(2, 'Вода в бутылке', '0.00', 'Бутылка воды для поддержания гидратации во время занятий.', 1, 'bring', '2025-12-24 23:43:09', '2025-12-24 23:43:09'),
(3, 'Балетки или танцевальная обувь', '2000.00', 'Специальная обувь для танцев, если нет - удобные кроссовки.', 1, 'buy', '2025-12-24 23:43:09', '2025-12-24 23:43:09'),
(4, 'Зеркало для дома', '3000.00', 'Для самостоятельных тренировок и отработки движений.', 1, 'buy', '2025-12-24 23:43:09', '2025-12-24 23:43:09'),
(5, 'Зал с зеркалами и паркетом', '0.00', 'Профессиональный танцевальный зал с большим зеркалом и паркетным полом.', 1, 'center', '2025-12-24 23:43:09', '2025-12-24 23:43:09'),
(6, 'Акварельные краски', '2500.00', 'Профессиональный набор красок для акварельной живописи.', 2, 'buy', '2025-12-24 23:43:09', '2025-12-24 23:43:09'),
(7, 'Кисти разных размеров', '800.00', 'Набор синтетических кистей для точной работы.', 2, 'buy', '2025-12-24 23:43:09', '2025-12-24 23:43:09'),
(8, 'Бумага для акварели 300г/м²', '500.00', 'Специальная бумага, блок 20 листов.', 2, 'buy', '2025-12-24 23:43:09', '2025-12-24 23:43:09'),
(9, 'Вода и тряпки для мытья', '0.00', 'Вода для разведения красок и тряпки для чистки.', 2, 'bring', '2025-12-24 23:43:09', '2025-12-24 23:43:09'),
(10, 'Студия с естественным освещением', '0.00', 'Просторная студия с большими окнами для естественного света.', 2, 'center', '2025-12-24 23:43:09', '2025-12-24 23:43:09'),
(11, 'Мольберты и палитры', '0.00', 'Все необходимое оборудование предоставляется в студии.', 2, 'center', '2025-12-24 23:43:09', '2025-12-24 23:43:09'),
(12, 'Спортивная одежда', '0.00', 'Удобная форма для занятий: легинсы, топ или майка.', 3, 'bring', '2025-12-24 23:43:09', '2025-12-24 23:43:09'),
(13, 'Коврик для фитнеса', '1000.00', 'Антискользящий коврик для упражнений на полу.', 3, 'buy', '2025-12-24 23:43:09', '2025-12-24 23:43:09'),
(14, 'Мяч для пилатеса', '700.00', 'Мяч для упражнений на баланс и силу.', 3, 'buy', '2025-12-24 23:43:09', '2025-12-24 23:43:09'),
(15, 'Утяжелители 1 кг', '1500.00', 'Набор гантелей для усиления нагрузки.', 3, 'buy', '2025-12-24 23:43:09', '2025-12-24 23:43:09'),
(16, 'Фитнес-зал с оборудованием', '0.00', 'Современный зал с матами, мячами и всем необходимым инвентарем.', 3, 'center', '2025-12-24 23:43:09', '2025-12-24 23:43:09'),
(17, 'Удобная одежда', '0.00', 'Свободная одежда из натуральных тканей для комфорта.', 4, 'bring', '2025-12-24 23:43:09', '2025-12-24 23:43:09'),
(18, 'Коврик для йоги', '1500.00', 'Специальный коврик с антискользящим покрытием.', 4, 'buy', '2025-12-24 23:43:09', '2025-12-24 23:43:09'),
(19, 'Блок для йоги', '1200.00', 'Деревянный блок для поддержки в асанах.', 4, 'buy', '2025-12-24 23:43:09', '2025-12-24 23:43:09'),
(20, 'Ремешок для йоги', '300.00', 'Ремешок для растяжки и помощи в позах.', 4, 'buy', '2025-12-24 23:43:09', '2025-12-24 23:43:09'),
(21, 'Зал для йоги с мягким освещением', '0.00', 'Спокойная атмосфера с коврами, подушками и расслабляющей музыкой.', 4, 'center', '2025-12-24 23:43:09', '2025-12-24 23:43:09'),
(22, 'Подушки для медитации', '0.00', 'Комфортные подушки для сидячей медитации.', 4, 'center', '2025-12-24 23:43:09', '2025-12-24 23:43:09'),
(23, 'Спортивная форма', '0.00', 'Футболка, шорты, носки - удобная спортивная одежда.', 5, 'bring', '2025-12-24 23:43:09', '2025-12-24 23:43:09'),
(24, 'Бутсы или кроссовки', '3500.00', 'Специальная обувь для игры на траве или в зале.', 5, 'buy', '2025-12-24 23:43:09', '2025-12-24 23:43:09'),
(25, 'Футбольный мяч', '1500.00', 'Качественный мяч для тренировок.', 5, 'buy', '2025-12-24 23:43:09', '2025-12-24 23:43:09'),
(26, 'Защитная экипировка', '2000.00', 'Щитки, наколенники для защиты.', 5, 'buy', '2025-12-24 23:43:09', '2025-12-24 23:43:09'),
(27, 'Футбольное поле или зал', '0.00', 'Профессиональное поле с натуральным покрытием или спортивный зал.', 5, 'center', '2025-12-24 23:43:09', '2025-12-24 23:43:09'),
(28, 'Раздевалки и душевые', '0.00', 'Удобные раздевалки с душевыми после тренировки.', 5, 'center', '2025-12-24 23:43:09', '2025-12-24 23:43:09');

-- --------------------------------------------------------

--
-- Структура таблицы `promotions`
--

CREATE TABLE `promotions` (
  `id` int NOT NULL,
  `title` varchar(255) NOT NULL,
  `description` text NOT NULL,
  `discount` decimal(10,2) NOT NULL,
  `quest_id` int DEFAULT NULL,
  `valid_until` date NOT NULL,
  `created_at` timestamp NULL DEFAULT CURRENT_TIMESTAMP,
  `updated_at` timestamp NULL DEFAULT CURRENT_TIMESTAMP ON UPDATE CURRENT_TIMESTAMP
) ENGINE=InnoDB DEFAULT CHARSET=utf8mb4 COLLATE=utf8mb4_0900_ai_ci;

--
-- Дамп данных таблицы `promotions`
--

INSERT INTO `promotions` (`id`, `title`, `description`, `discount`, `quest_id`, `valid_until`, `created_at`, `updated_at`) VALUES
(1, '🌞 Летняя скидка 500 рублей!', 'Получите скидку 500 рублей на любой квест. Акция действует все лето!', '500.00', NULL, '2025-08-31', '2025-06-20 18:23:37', '2025-06-20 18:23:37'),
(2, '👧 Скидка 20% на \"Волшебный лес\"', 'Приведите ребенка на детский квест со скидкой 20%!', '400.00', 3, '2025-07-15', '2025-06-20 18:23:37', '2025-06-20 18:23:37'),
(3, '👥 1000 рублей скидки для команд от 6 человек', 'Соберите команду из 6+ человек на квест \"Космическая одиссея\" и получите скидку 1000 рублей!', '1000.00', 5, '2025-09-01', '2025-06-20 18:23:37', '2025-06-20 18:23:37'),
(4, '😱 Скидка 700 рублей на хорроры', 'В июле получите скидку 700 рублей на квест \"Проклятие семьи Блэквуд\"!', '700.00', 2, '2025-07-31', '2025-06-20 18:23:37', '2025-06-20 18:23:37'),
(5, '🎁 500 рублей на первую бронь', 'Забронируйте первый квест и получите скидку 500 рублей!', '500.00', NULL, '2025-12-31', '2025-06-20 18:23:37', '2025-06-20 18:23:37');

-- --------------------------------------------------------

--
-- Структура таблицы `quests`
--

CREATE TABLE `quests` (
  `id` int NOT NULL,
  `name` varchar(255) NOT NULL,
  `description` text NOT NULL,
  `min_players` int NOT NULL,
  `max_players` int NOT NULL,
  `duration` int NOT NULL COMMENT 'В минутах',
  `price` decimal(10,2) NOT NULL COMMENT 'Базовая цена за 4 человек',
  `additional_price` decimal(10,2) NOT NULL DEFAULT '0.00' COMMENT 'Доплата за каждого дополнительного игрока',
  `difficulty` enum('Легкая','Средняя','Сложная') NOT NULL,
  `address` varchar(255) NOT NULL,
  `quest_type` enum('adults','kids') NOT NULL,
  `genre` varchar(50) DEFAULT NULL,
  `created_at` timestamp NULL DEFAULT CURRENT_TIMESTAMP,
  `updated_at` timestamp NULL DEFAULT CURRENT_TIMESTAMP ON UPDATE CURRENT_TIMESTAMP
) ENGINE=InnoDB DEFAULT CHARSET=utf8mb4 COLLATE=utf8mb4_0900_ai_ci;

--
-- Дамп данных таблицы `quests`
--

INSERT INTO `quests` (`id`, `name`, `description`, `min_players`, `max_players`, `duration`, `price`, `additional_price`, `difficulty`, `address`, `quest_type`, `genre`, `created_at`, `updated_at`) VALUES
(1, '🏴‍☠️ Пиратское приключение: Остров сокровищ', '\"Вы - отважная команда пиратов, получившая карту сокровищ легендарного капитана Кровавого Борода. Но едва ваш корабль достиг берегов таинственного острова, как налетел шторм и разбил судно. Теперь вам предстоит пройти через джунгли, наполненные ловушками древней цивилизации, разгадать шифры пиратского дневника и найти спрятанный клад, пока на остров не прибыла команда конкурентов - безжалостных пиратов Черного Флага!\"', 2, 6, 60, '2500.00', '500.00', 'Средняя', 'ул. Пиратская, 15', 'adults', 'adventure', '2025-06-19 14:34:04', '2025-06-20 12:16:51'),
(2, '👻 Дом ужасов: Проклятие семьи Блэквуд', '\"Добро пожаловать в особняк Блэквудов, где 100 лет назад произошла жуткая трагедия. По легенде, глава семьи сошел с ума и замуровал в стенах дома всех родственников. Теперь их призраки бродят по коридорам, а каждую полночь слышны крики. Вы пришли расследовать тайну, но двери внезапно захлопнулись... У вас есть ровно 60 минут, чтобы раскрыть секрет проклятия и сбежать, пока последний Блэквуд не нашел вас!\"', 3, 5, 60, '3000.00', '600.00', 'Сложная', 'пер. Кошевого, 8', 'adults', 'horror', '2025-06-19 14:34:04', '2025-06-20 12:17:13'),
(3, '🧚‍♂️ Волшебный лес: Спасение эльфийского королевства', '\"В волшебном лесу Эльфийрия беда: злая колдунья Моргана заморозила сердце волшебного дуба, от которого зависит жизнь всего королевства! Только самые смелые герои смогут вернуть весну: подружиться с говорящими животными, разгадать загадки мудрого гнома, найти ключи от ледяного замка и собрать магические кристаллы. Помогите эльфам спасти их дом от вечной зимы!\"', 2, 4, 45, '2000.00', '400.00', 'Легкая', 'пр. Сказочный, 22', 'kids', NULL, '2025-06-19 14:34:04', '2025-06-20 12:17:33'),
(4, '🕵️‍♀️ Тайна особняка: Убийство в \"Алом замке\"', '\"В роскошном особняке миллионера Арчибальда Крейна во время званого ужина совершено убийство. Все гости - под подозрением: ревнивая жена, завистливый партнер, таинственная незнакомка. Вы - детективы, вызванные на место преступления. Найдите скрытые улики, расшифруйте предсмертное послание, изучите досье подозреваемых и выведите убийцу на чистую воду до того, как он скроется навсегда!\"', 3, 6, 90, '3500.00', '700.00', 'Сложная', 'ул. Детективная, 5', 'adults', 'detective', '2025-06-19 14:34:04', '2025-06-20 12:17:51'),
(5, '🚀 Космическая одиссея: Вторжение с Центавра', '\"Год 2178. Инопланетная раса Центавриан начала захват Солнечной системы! Ваш звездолет \"Прометей\" получил задание уничтожить вражеский флагман. Пробравшись на борт корабля пришельцев, вы обнаруживаете, что главный компьютер активировал систему самоуничтожения. У вас 80 минут, чтобы отключить бомбу, расшифровать инопланетные технологии и спасти Землю от неминуемой гибели!\"', 4, 8, 80, '4000.00', '800.00', 'Средняя', 'пр. Звездный, 42', 'adults', 'sci-fi', '2025-06-19 14:34:04', '2025-06-20 12:18:07');

-- --------------------------------------------------------

--
-- Структура таблицы `reviews`
--

CREATE TABLE `reviews` (
  `id` int NOT NULL,
  `user_id` bigint NOT NULL,
  `quest_id` int DEFAULT NULL,
  `booking_id` int DEFAULT NULL,
  `review` text NOT NULL,
  `rating` tinyint DEFAULT NULL,
  `response` text,
  `admin_response` text,
  `created_at` timestamp NULL DEFAULT CURRENT_TIMESTAMP
) ENGINE=InnoDB DEFAULT CHARSET=utf8mb4 COLLATE=utf8mb4_0900_ai_ci;

--
-- Дамп данных таблицы `reviews`
--

INSERT INTO `reviews` (`id`, `user_id`, `quest_id`, `booking_id`, `review`, `rating`, `response`, `admin_response`, `created_at`) VALUES
(2, 5031085091, NULL, NULL, 'Очень круто', NULL, NULL, NULL, '2025-06-20 19:54:38'),
(3, 5031085091, NULL, NULL, 'ывапкеп', NULL, NULL, NULL, '2025-06-20 22:38:41');

-- --------------------------------------------------------

--
-- Структура таблицы `subscribers`
--

CREATE TABLE `subscribers` (
  `id` int NOT NULL,
  `user_id` bigint NOT NULL,
  `first_name` varchar(255) NOT NULL,
  `subscribed_at` timestamp NULL DEFAULT CURRENT_TIMESTAMP
) ENGINE=InnoDB DEFAULT CHARSET=utf8mb4 COLLATE=utf8mb4_0900_ai_ci;

-- --------------------------------------------------------

--
-- Структура таблицы `support_messages`
--

CREATE TABLE `support_messages` (
  `id` int NOT NULL,
  `user_id` bigint NOT NULL,
  `message` text NOT NULL,
  `response` text,
  `answered_at` timestamp NULL DEFAULT NULL,
  `is_read` tinyint(1) NOT NULL DEFAULT '0',
  `created_at` timestamp NULL DEFAULT CURRENT_TIMESTAMP
) ENGINE=InnoDB DEFAULT CHARSET=utf8mb4 COLLATE=utf8mb4_0900_ai_ci;

--
-- Дамп данных таблицы `support_messages`
--

INSERT INTO `support_messages` (`id`, `user_id`, `message`, `response`, `answered_at`, `is_read`, `created_at`) VALUES
(1, 5031085091, 'Алала', 'Dhdj', '2025-06-20 19:33:42', 0, '2025-06-20 19:31:58'),
(2, 5031085091, 'Нужна сменная обувь?', 'Здравствуете, да', '2025-06-20 19:52:51', 0, '2025-06-20 19:51:32'),
(3, 5031085091, 'вапа', NULL, NULL, 0, '2025-06-20 22:38:34'),
(4, 5031085091, 'вапр', NULL, NULL, 0, '2025-06-20 22:39:48'),
(5, 1914727710, '/admin', NULL, NULL, 0, '2025-12-24 19:52:08'),
(6, 5031085091, 'Здравствуйте', NULL, NULL, 0, '2025-12-25 10:02:50'),
(7, 5031085091, 'Здравствуйте', 'Здравствуйте', '2025-12-25 10:31:50', 0, '2025-12-25 10:21:39'),
(8, 5031085091, 'Здравствуйте', 'Добрый день', '2025-12-25 10:30:17', 0, '2025-12-25 10:23:09');

-- --------------------------------------------------------

--
-- Структура таблицы `users`
--

CREATE TABLE `users` (
  `id` bigint NOT NULL,
  `username` varchar(255) DEFAULT NULL,
  `first_name` varchar(255) NOT NULL,
  `last_name` varchar(255) DEFAULT NULL,
  `phone` varchar(20) DEFAULT NULL,
  `created_at` timestamp NULL DEFAULT CURRENT_TIMESTAMP,
  `updated_at` timestamp NULL DEFAULT CURRENT_TIMESTAMP ON UPDATE CURRENT_TIMESTAMP
) ENGINE=InnoDB DEFAULT CHARSET=utf8mb4 COLLATE=utf8mb4_0900_ai_ci;

--
-- Дамп данных таблицы `users`
--

INSERT INTO `users` (`id`, `username`, `first_name`, `last_name`, `phone`, `created_at`, `updated_at`) VALUES
(703850700, 'wrx666z', '.', NULL, NULL, '2025-12-24 19:58:23', '2025-12-24 19:58:23'),
(982531644, 'KVvRina', 'Katerina', NULL, NULL, '2025-12-24 19:51:35', '2025-12-24 19:51:35'),
(1242576591, 'dvorskikh_a', 'Антон', NULL, NULL, '2025-06-21 03:19:43', '2025-06-21 03:19:43'),
(1914727710, 'Rinanirr', 'Арина', NULL, NULL, '2025-06-21 02:08:16', '2025-06-21 02:08:16'),
(2110505637, 'elizaveta516', 'Liza', NULL, NULL, '2025-12-24 19:48:05', '2025-12-24 19:48:05'),
(5031085091, 'Karinaek', 'Арина', NULL, NULL, '2025-06-20 19:31:35', '2025-12-25 09:46:14'),
(5115024522, 'olya_lyskova', 'Ольга', NULL, NULL, '2025-06-21 03:19:56', '2025-06-21 03:19:56'),
(5141032492, 'Elena_Akulova_1CGalex', 'Елена', NULL, NULL, '2025-06-21 03:19:44', '2025-06-21 03:19:44'),
(5221265076, 'chernovajuly', 'Юлия', NULL, NULL, '2025-06-21 03:19:59', '2025-06-21 03:19:59');

--
-- Индексы сохранённых таблиц
--

--
-- Индексы таблицы `bookings`
--
ALTER TABLE `bookings`
  ADD PRIMARY KEY (`id`),
  ADD KEY `user_id` (`user_id`),
  ADD KEY `quest_id` (`quest_id`);

--
-- Индексы таблицы `circles`
--
ALTER TABLE `circles`
  ADD PRIMARY KEY (`id`);

--
-- Индексы таблицы `employees`
--
ALTER TABLE `employees`
  ADD PRIMARY KEY (`id`),
  ADD UNIQUE KEY `user_id` (`user_id`);

--
-- Индексы таблицы `faq`
--
ALTER TABLE `faq`
  ADD PRIMARY KEY (`id`);

--
-- Индексы таблицы `products`
--
ALTER TABLE `products`
  ADD PRIMARY KEY (`id`),
  ADD KEY `quest_id` (`quest_id`);

--
-- Индексы таблицы `promotions`
--
ALTER TABLE `promotions`
  ADD PRIMARY KEY (`id`),
  ADD KEY `quest_id` (`quest_id`);

--
-- Индексы таблицы `quests`
--
ALTER TABLE `quests`
  ADD PRIMARY KEY (`id`);

--
-- Индексы таблицы `reviews`
--
ALTER TABLE `reviews`
  ADD PRIMARY KEY (`id`),
  ADD KEY `user_id` (`user_id`),
  ADD KEY `quest_id` (`quest_id`),
  ADD KEY `booking_id` (`booking_id`);

--
-- Индексы таблицы `subscribers`
--
ALTER TABLE `subscribers`
  ADD PRIMARY KEY (`id`),
  ADD UNIQUE KEY `user_id` (`user_id`);

--
-- Индексы таблицы `support_messages`
--
ALTER TABLE `support_messages`
  ADD PRIMARY KEY (`id`),
  ADD KEY `user_id` (`user_id`);

--
-- Индексы таблицы `users`
--
ALTER TABLE `users`
  ADD PRIMARY KEY (`id`);

--
-- AUTO_INCREMENT для сохранённых таблиц
--

--
-- AUTO_INCREMENT для таблицы `bookings`
--
ALTER TABLE `bookings`
  MODIFY `id` int NOT NULL AUTO_INCREMENT, AUTO_INCREMENT=34;

--
-- AUTO_INCREMENT для таблицы `circles`
--
ALTER TABLE `circles`
  MODIFY `id` int NOT NULL AUTO_INCREMENT, AUTO_INCREMENT=11;

--
-- AUTO_INCREMENT для таблицы `employees`
--
ALTER TABLE `employees`
  MODIFY `id` int NOT NULL AUTO_INCREMENT;

--
-- AUTO_INCREMENT для таблицы `faq`
--
ALTER TABLE `faq`
  MODIFY `id` int NOT NULL AUTO_INCREMENT;

--
-- AUTO_INCREMENT для таблицы `products`
--
ALTER TABLE `products`
  MODIFY `id` int NOT NULL AUTO_INCREMENT, AUTO_INCREMENT=29;

--
-- AUTO_INCREMENT для таблицы `promotions`
--
ALTER TABLE `promotions`
  MODIFY `id` int NOT NULL AUTO_INCREMENT, AUTO_INCREMENT=6;

--
-- AUTO_INCREMENT для таблицы `quests`
--
ALTER TABLE `quests`
  MODIFY `id` int NOT NULL AUTO_INCREMENT, AUTO_INCREMENT=6;

--
-- AUTO_INCREMENT для таблицы `reviews`
--
ALTER TABLE `reviews`
  MODIFY `id` int NOT NULL AUTO_INCREMENT, AUTO_INCREMENT=4;

--
-- AUTO_INCREMENT для таблицы `subscribers`
--
ALTER TABLE `subscribers`
  MODIFY `id` int NOT NULL AUTO_INCREMENT;

--
-- AUTO_INCREMENT для таблицы `support_messages`
--
ALTER TABLE `support_messages`
  MODIFY `id` int NOT NULL AUTO_INCREMENT, AUTO_INCREMENT=9;

--
-- Ограничения внешнего ключа сохраненных таблиц
--

--
-- Ограничения внешнего ключа таблицы `bookings`
--
ALTER TABLE `bookings`
  ADD CONSTRAINT `bookings_ibfk_1` FOREIGN KEY (`user_id`) REFERENCES `users` (`id`),
  ADD CONSTRAINT `bookings_ibfk_2` FOREIGN KEY (`quest_id`) REFERENCES `circles` (`id`) ON DELETE CASCADE;

--
-- Ограничения внешнего ключа таблицы `employees`
--
ALTER TABLE `employees`
  ADD CONSTRAINT `employees_ibfk_1` FOREIGN KEY (`user_id`) REFERENCES `users` (`id`);

--
-- Ограничения внешнего ключа таблицы `products`
--
ALTER TABLE `products`
  ADD CONSTRAINT `products_ibfk_1` FOREIGN KEY (`quest_id`) REFERENCES `circles` (`id`) ON DELETE CASCADE;

--
-- Ограничения внешнего ключа таблицы `promotions`
--
ALTER TABLE `promotions`
  ADD CONSTRAINT `promotions_ibfk_1` FOREIGN KEY (`quest_id`) REFERENCES `circles` (`id`) ON DELETE CASCADE;

--
-- Ограничения внешнего ключа таблицы `reviews`
--
ALTER TABLE `reviews`
  ADD CONSTRAINT `reviews_ibfk_1` FOREIGN KEY (`user_id`) REFERENCES `users` (`id`),
  ADD CONSTRAINT `reviews_ibfk_2` FOREIGN KEY (`quest_id`) REFERENCES `circles` (`id`) ON DELETE CASCADE;

--
-- Ограничения внешнего ключа таблицы `subscribers`
--
ALTER TABLE `subscribers`
  ADD CONSTRAINT `subscribers_ibfk_1` FOREIGN KEY (`user_id`) REFERENCES `users` (`id`);

--
-- Ограничения внешнего ключа таблицы `support_messages`
--
ALTER TABLE `support_messages`
  ADD CONSTRAINT `support_messages_ibfk_1` FOREIGN KEY (`user_id`) REFERENCES `users` (`id`);
COMMIT;

/*!40101 SET CHARACTER_SET_CLIENT=@OLD_CHARACTER_SET_CLIENT */;
/*!40101 SET CHARACTER_SET_RESULTS=@OLD_CHARACTER_SET_RESULTS */;
/*!40101 SET COLLATION_CONNECTION=@OLD_COLLATION_CONNECTION */;
